<?xml version="1.0" encoding="UTF-8"?>
<project-private xmlns="http://www.netbeans.org/ns/project-private/1">
    <editor-bookmarks xmlns="http://www.netbeans.org/ns/editor-bookmarks/2" lastBookmarkId="0"/>
    <open-files xmlns="http://www.netbeans.org/ns/projectui-open-files/2">
        <group>
            <file>file:/Users/David/microchip/harmony/v1_07_01/apps/usb/device/cdc_serial_emulator%20copy/firmware/src/main.c</file>
            <file>file:/Users/David/microchip/harmony/v1_07_01/apps/usb/device/cdc_serial_emulator%20copy/firmware/src/app.c</file>
        </group>
    </open-files>
</project-private>
